Execution_Date,Signal_Date,Signal_Z_score,Current_Z_score,Position,Signal
2026-01-02,,,0.9302,0,warm-up
2026-01-05,2026-01-02,0.9302,1.2743,0,hold
2026-01-06,2026-01-05,1.2743,1.7939,0,hold
2026-01-07,2026-01-06,1.7939,2.0163,0,hold
2026-01-08,2026-01-07,2.0163,2.3756,-1,enter short
2026-01-09,2026-01-08,2.3756,2.3423,-1,hold
2026-01-12,2026-01-09,2.3423,2.4502,-1,hold
2026-01-13,2026-01-12,2.4502,2.3578,-1,hold
2026-01-14,2026-01-13,2.3578,2.1947,-1,hold
2026-01-15,2026-01-14,2.1947,2.2168,-1,hold
2026-01-16,2026-01-15,2.2168,2.2904,-1,hold
2026-01-20,2026-01-16,2.2904,1.9808,-1,hold
2026-01-21,2026-01-20,1.9808,1.8599,-1,hold
2026-01-22,2026-01-21,1.8599,1.5327,-1,hold
2026-01-23,2026-01-22,1.5327,1.7003,-1,hold
2026-01-26,2026-01-23,1.7003,1.4481,-1,hold
2026-01-27,2026-01-26,1.4481,1.866,-1,hold
2026-01-28,2026-01-27,1.866,1.8154,-1,hold
2026-01-29,2026-01-28,1.8154,0.7542,-1,hold
2026-01-30,2026-01-29,0.7542,0.883,-1,hold
2026-02-02,2026-01-30,0.883,1.2725,-1,hold
2026-02-03,2026-02-02,1.2725,1.1828,-1,hold
2026-02-04,2026-02-03,1.1828,1.1182,-1,hold
2026-02-05,2026-02-04,1.1182,0.3556,-1,hold
2026-02-06,2026-02-05,0.3556,-0.4562,-1,hold
2026-02-09,2026-02-06,-0.4562,-0.8137,0,exit short
2026-02-10,2026-02-09,-0.8137,-0.8582,0,hold
2026-02-11,2026-02-10,-0.8582,-1.0591,0,hold
2026-02-12,2026-02-11,-1.0591,-1.1428,0,hold
2026-02-13,2026-02-12,-1.1428,-1.0565,0,hold
2026-02-17,2026-02-13,-1.0565,-0.8548,0,hold
2026-02-18,2026-02-17,-0.8548,-0.6197,0,hold
2026-02-19,2026-02-18,-0.6197,-0.638,0,hold
2026-02-20,2026-02-19,-0.638,-0.3859,0,hold
2026-02-23,2026-02-20,-0.3859,-0.4894,0,hold
2026-02-24,2026-02-23,-0.4894,-0.2592,0,hold
2026-02-25,2026-02-24,-0.2592,-0.3148,0,hold
2026-02-26,2026-02-25,-0.3148,-0.5787,0,hold
2026-02-27,2026-02-26,-0.5787,-0.2816,0,hold
2026-03-02,2026-02-27,-0.2816,-0.4897,0,hold
2026-03-03,2026-03-02,-0.4897,-0.4857,0,hold
2026-03-04,2026-03-03,-0.4857,-0.0478,0,hold
2026-03-05,2026-03-04,-0.0478,0.2186,0,hold
2026-03-06,2026-03-05,0.2186,0.0187,0,hold
2026-03-09,2026-03-06,0.0187,0.0018,0,hold
2026-03-10,2026-03-09,0.0018,-0.0346,0,hold
2026-03-11,2026-03-10,-0.0346,-0.176,0,hold
2026-03-12,2026-03-11,-0.176,-0.1655,0,hold
2026-03-13,2026-03-12,-0.1655,0.0725,0,hold
2026-03-16,2026-03-13,0.0725,0.1658,0,hold
2026-03-17,2026-03-16,0.1658,0.5081,0,hold
2026-03-18,2026-03-17,0.5081,0.206,0,hold
2026-03-19,2026-03-18,0.206,0.2633,0,hold
2026-03-20,2026-03-19,0.2633,0.2076,0,hold
2026-03-23,2026-03-20,0.2076,0.4148,0,hold
2026-03-24,2026-03-23,0.4148,0.3691,0,hold
2026-03-25,2026-03-24,0.3691,0.6879,0,hold
2026-03-26,2026-03-25,0.6879,1.1766,0,hold
2026-03-27,2026-03-26,1.1766,0.913,0,hold
2026-03-30,2026-03-27,0.913,0.8479,0,hold
2026-03-31,2026-03-30,0.8479,0.8021,0,hold
2026-04-01,2026-03-31,0.8021,0.8615,0,hold
2026-04-02,2026-04-01,0.8615,0.8802,0,hold
2026-04-06,2026-04-02,0.8802,1.1403,0,hold
2026-04-07,2026-04-06,1.1403,1.1812,0,hold
2026-04-08,2026-04-07,1.1812,1.1279,0,hold
2026-04-09,2026-04-08,1.1279,1.7725,0,hold
2026-04-10,2026-04-09,1.7725,2.0796,0,hold
2026-04-13,2026-04-10,2.0796,2.1109,-1,enter short
2026-04-14,2026-04-13,2.1109,2.3016,-1,hold
2026-04-15,2026-04-14,2.3016,2.133,-1,hold
2026-04-16,2026-04-15,2.133,2.1351,-1,hold
2026-04-17,2026-04-16,2.1351,2.0234,-1,hold
2026-04-20,2026-04-17,2.0234,2.1283,-1,hold
2026-04-21,2026-04-20,2.1283,2.2664,-1,hold
2026-04-22,2026-04-21,2.2664,2.5356,-1,hold
2026-04-23,2026-04-22,2.5356,2.7473,-1,hold
2026-04-24,2026-04-23,2.7473,3.0784,-1,hold
2026-04-27,2026-04-24,3.0784,2.8462,-1,hold
2026-04-28,2026-04-27,2.8462,2.8625,-1,hold
2026-04-29,2026-04-28,2.8625,3.1056,-1,hold
2026-04-30,2026-04-29,3.1056,4.1112,-1,hold
2026-05-01,2026-04-30,4.1112,4.3598,-1,hold
2026-05-04,2026-05-01,4.3598,4.564,-1,hold
2026-05-05,2026-05-04,4.564,4.7428,-1,hold
2026-05-06,2026-05-05,4.7428,4.7013,-1,hold
2026-05-07,2026-05-06,4.7013,4.408,-1,hold
2026-05-08,2026-05-07,4.408,4.6147,-1,hold
2026-05-11,2026-05-08,4.6147,4.5658,-1,hold
2026-05-12,2026-05-11,4.5658,4.3027,-1,hold
2026-05-13,2026-05-12,4.3027,4.3476,-1,hold
2026-05-14,2026-05-13,4.3476,4.1406,-1,hold
2026-05-15,2026-05-14,4.1406,4.0167,-1,hold
2026-05-18,2026-05-15,4.0167,4.1101,-1,hold
2026-05-19,2026-05-18,4.1101,3.9027,-1,hold
2026-05-20,2026-05-19,3.9027,4.2189,-1,hold
2026-05-21,2026-05-20,4.2189,4.3942,-1,hold
2026-05-22,2026-05-21,4.3942,4.2159,-1,hold
2026-05-26,2026-05-22,4.2159,4.1186,-1,hold
2026-05-27,2026-05-26,4.1186,4.1592,-1,hold
2026-05-28,2026-05-27,4.1592,4.2884,-1,hold
2026-05-29,2026-05-28,4.2884,4.1284,-1,hold
2026-06-01,2026-05-29,4.1284,4.0592,-1,hold
2026-06-02,2026-06-01,4.0592,3.8043,-1,hold
2026-06-03,2026-06-02,3.8043,2.9728,-1,hold
2026-06-04,2026-06-03,2.9728,3.147,-1,hold
2026-06-05,2026-06-04,3.147,3.1933,-1,hold
2026-06-08,2026-06-05,3.1933,3.2661,-1,hold
2026-06-09,2026-06-08,3.2661,3.2102,-1,hold
2026-06-10,2026-06-09,3.2102,3.0193,-1,hold
2026-06-11,2026-06-10,3.0193,3.3044,-1,hold
2026-06-12,2026-06-11,3.3044,3.1265,-1,hold
2026-06-15,2026-06-12,3.1265,3.1755,-1,hold
2026-06-16,2026-06-15,3.1755,3.0632,-1,hold
2026-06-17,2026-06-16,3.0632,3.0343,-1,hold
2026-06-18,2026-06-17,3.0343,3.3395,-1,hold
2026-06-22,2026-06-18,3.3395,2.7693,-1,hold
2026-06-23,2026-06-22,2.7693,2.8913,-1,hold
2026-06-24,2026-06-23,2.8913,2.9822,-1,hold
2026-06-25,2026-06-24,2.9822,2.7285,-1,hold
2026-06-26,2026-06-25,2.7285,3.0025,-1,hold
2026-06-29,2026-06-26,3.0025,3.3031,-1,hold
2026-06-30,2026-06-29,3.3031,3.1671,-1,hold
2026-07-01,2026-06-30,3.1671,2.5667,-1,hold
2026-07-02,2026-07-01,2.5667,3.1268,-1,hold
2026-07-06,2026-07-02,3.1268,2.9383,-1,hold
2026-07-07,2026-07-06,2.9383,2.813,-1,hold
2026-07-08,2026-07-07,2.813,2.8555,-1,hold
2026-07-09,2026-07-08,2.8555,2.6328,-1,hold
2026-07-10,2026-07-09,2.6328,1.9479,-1,hold
2026-07-13,2026-07-10,1.9479,2.2649,-1,hold
2026-07-14,2026-07-13,2.2649,2.2125,-1,hold
2026-07-15,2026-07-14,2.2125,2.405,-1,hold
2026-07-16,2026-07-15,2.405,2.3195,-1,hold
2026-07-17,2026-07-16,2.3195,2.4216,-1,hold
2026-07-20,2026-07-17,2.4216,2.6068,-1,hold
2026-07-21,2026-07-20,2.6068,2.4765,-1,hold
2026-07-22,2026-07-21,2.4765,2.5536,-1,hold
2026-07-23,2026-07-22,2.5536,2.1196,-1,hold
2026-07-24,2026-07-23,2.1196,2.1888,-1,hold
2026-07-27,2026-07-24,2.1888,2.1594,-1,hold
2026-07-28,2026-07-27,2.1594,2.1293,-1,hold
2026-07-29,2026-07-28,2.1293,1.9564,-1,hold
2026-07-30,2026-07-29,1.9564,3.403,-1,hold
2026-07-31,2026-07-30,3.403,5.4328,-1,hold
