Pair,Metric,Phase4_baseline,LSTM_enhanced
MSFT/AAPL,Num_trades,1.0,1.0
MSFT/AAPL,Total_PnL,0.013757,0.013757
MSFT/AAPL,Ann_PnL,0.02391,0.02391
MSFT/AAPL,Sharpe_ratio,0.0617,0.0617
MSFT/AAPL,Sortino_ratio,0.1181,0.1181
MSFT/AAPL,Max_drawdown,-0.299288,-0.299288
MSFT/AAPL,Calmar_ratio,0.0799,0.0799
MSFT/AAPL,Avg_trade_PnL,0.013757,0.013757
MSFT/AAPL,Pct_in_market,84.83,84.83
MSFT/AAPL,Positive_Day_Rate_pct,43.9,43.9
MSFT/AAPL,Completed_trades,0.0,0.0
MSFT/AAPL,Win_rate_pct,,
MSFT/AAPL,Long_signals,1.0,1.0
MSFT/AAPL,Short_signals,0.0,0.0
MSFT/AAPL,Total_signals,1.0,1.0
MSFT/AAPL,LSTM_conv_pct,,78.6
