Signal_Date,Execution_Date,Exit_Date,Position,Signal_Z_score,Exit_Z_score,Holding_Days,Gross_PnL,Transaction_Cost,Net_PnL
2022-01-13,2022-01-14,2022-01-28,Long Spread,-2.2512,0.1725,14,0.01419,0.004,0.01019
2022-03-15,2022-03-16,2022-03-24,Short Spread,2.0757,-0.337,8,0.036206,0.004,0.032206
2022-04-11,2022-04-12,2022-04-28,Long Spread,-2.2222,0.7387,16,0.030008,0.004,0.026008
2022-05-25,2022-05-26,2022-06-14,Short Spread,2.0877,-0.2191,19,0.046864,0.004,0.042864
2022-06-24,2022-06-27,2022-07-08,Short Spread,2.0307,-0.5273,11,0.027463,0.004,0.023463
2022-07-12,2022-07-13,2022-07-14,Long Spread,-4.1254,-3.2487,1,-0.004731,0.004,-0.008731
2022-08-26,2022-08-29,2022-09-30,Long Spread,-2.0691,0.2049,32,-0.001168,0.004,-0.005168
2022-10-28,2022-10-31,2022-11-08,Long Spread,-2.0581,0.0895,8,0.048269,0.004,0.044269
2023-03-16,2023-03-17,2023-04-20,Short Spread,2.0874,-0.0058,34,0.026337,0.004,0.022337
2023-04-25,2023-04-26,2023-04-27,Long Spread,-2.3188,2.4752,1,-0.006017,0.004,-0.010017
2023-04-26,2023-04-27,2023-06-09,Short Spread,2.4752,-0.289,43,-0.024231,0.004,-0.028231
2023-07-18,2023-07-19,2023-07-24,Short Spread,2.0597,-0.0109,5,0.046268,0.004,0.042268
2023-07-27,2023-07-28,2023-08-07,Long Spread,-2.2639,0.4374,10,0.038776,0.004,0.034776
2023-09-08,2023-09-11,2023-09-21,Short Spread,2.1139,-0.0408,10,0.029171,0.004,0.025171
2023-10-25,2023-10-26,2023-12-05,Short Spread,3.2204,-0.3231,40,0.016365,0.004,0.012365
2023-12-13,2023-12-14,2023-12-15,Long Spread,-2.0998,-3.0421,1,-0.015417,0.004,-0.019417
2024-01-10,2024-01-11,2024-04-15,Short Spread,2.0479,-0.6664,95,-0.151662,0.004,-0.155662
2024-04-25,2024-04-26,2024-06-24,Long Spread,-2.3637,0.1819,59,-0.077414,0.004,-0.081414
2024-07-11,2024-07-12,2024-09-11,Long Spread,-2.0383,0.6929,61,-0.061232,0.004,-0.065232
2024-09-12,2024-09-13,2024-09-17,Short Spread,2.0455,3.1077,4,-0.06259,0.004,-0.06659
2024-12-19,2024-12-20,2025-01-14,Long Spread,-2.0253,0.065,25,0.009347,0.004,0.005347
2025-01-21,2025-01-22,2025-01-31,Short Spread,2.3147,-0.6169,9,0.140059,0.004,0.136059
2025-04-04,2025-04-07,2025-04-23,Short Spread,2.0324,-0.1068,16,0.05461,0.004,0.05061
2025-05-02,2025-05-05,2025-07-03,Short Spread,2.6893,-0.245,59,-0.096598,0.004,-0.100598
2025-07-31,2025-08-01,2025-08-05,Short Spread,3.5065,3.0099,4,-0.033743,0.004,-0.037743
2025-09-22,2025-09-23,2025-10-29,Long Spread,-2.4953,0.042,36,0.016842,0.004,0.012842
2025-10-30,2025-10-31,2025-12-22,Long Spread,-2.1396,0.0129,52,-0.070873,0.004,-0.074873
