Date,Close,Open
2026-01-02,270.27435302734375,271.52095990203577
2026-01-05,266.5345458984375,269.9053759278346
2026-01-06,261.6478271484375,266.27524679504927
2026-01-07,259.6233215332031,262.485556491205
2026-01-08,258.3368225097656,256.3222864925608
2026-01-09,258.6659240722656,258.3767027680543
2026-01-12,259.54351806640625,258.45648066308013
2026-01-13,260.34136962890625,258.01770778709204
2026-01-14,259.2543029785156,258.78557762508564
2026-01-15,257.50909423828125,259.94247342351326
2026-01-16,254.83633422851562,257.1998957308392
2026-01-20,246.0303192138672,252.04394930256512
2026-01-21,246.9777374267578,248.02489020045314
2026-01-22,247.67584228515625,248.52352576906395
2026-01-23,247.36666870117188,246.64863719927277
2026-01-26,254.71669006347656,250.7973501838168
2026-01-27,257.56890869140625,258.4664899667647
2026-01-28,255.74388122558594,256.9505880888889
2026-01-29,257.5788879394531,257.29964922744847
2026-01-30,258.7756652832031,254.4773517832236
2026-02-02,269.27703857421875,259.3241194003358
2026-02-03,268.7485046386719,268.4692659190308
2026-02-04,275.7394104003906,271.55083028665655
2026-02-05,275.1610412597656,277.37501624935936
2026-02-06,277.364990234375,276.3677049075235
2026-02-09,274.13079833984375,277.41494619870406
2026-02-10,273.19244384765625,274.40031021957236
2026-02-11,275.00921630859375,274.2106536370846
2026-02-12,261.2637939453125,275.09909064411113
2026-02-13,255.32435607910156,261.5432690161623
2026-02-17,263.4099426269531,257.5903108294174
2026-02-18,263.8791198730469,263.13045584681157
2026-02-19,260.11578369140625,262.13220471573277
2026-02-20,264.1086730957031,258.50868117461044
2026-02-23,265.705810546875,263.0206001676805
2026-02-24,271.6552429199219,267.38283777638213
2026-02-25,273.74151611328125,271.29586819299504
2026-02-26,272.4637756347656,274.4602128097023
2026-02-27,263.7093811035156,272.3240124520744
2026-03-02,264.2484130859375,261.94253069595567
2026-03-03,263.2801818847656,263.0106738027697
2026-03-04,262.0523376464844,264.17854815272653
2026-03-05,259.8263244628906,260.3254337562426
2026-03-06,257.0013427734375,258.16927189629365
2026-03-09,259.41705322265625,255.2345148744848
2026-03-10,260.3653564453125,257.19102845716964
2026-03-11,260.3453674316406,260.62486739620806
2026-03-12,255.30438232421875,258.1992253881205
2026-03-13,249.6744384765625,255.024890934378
2026-03-16,252.36964416503906,251.66090222791988
2026-03-17,253.77711486816406,252.5093881906664
2026-03-18,249.49476623535156,252.1799767808244
2026-03-19,248.5165252685547,248.95572868612365
2026-03-20,247.54823303222656,247.53824109812177
2026-03-23,251.04200744628906,253.51758537106093
2026-03-24,251.1917266845703,249.90403139868116
2026-03-25,252.16998291015625,253.6473574345128
2026-03-26,252.43951416015625,251.67088153367666
2026-03-27,248.35679626464844,253.4477020992108
2026-03-30,246.19065856933594,249.62453299565456
2026-03-31,253.337890625,247.46837564153284
2026-04-01,255.17462158203125,253.62737973002484
2026-04-02,255.464111328125,253.74717405681358
2026-04-06,258.3988342285156,256.053045051996
2026-04-07,253.0484161376953,255.70368128016966
2026-04-08,258.43878173828125,257.98960165960847
2026-04-09,260.02593994140625,258.5386040524215
2026-04-10,260.0159912109375,259.5168819122501
2026-04-13,258.73828125,259.2673359057164
2026-04-14,258.368896484375,258.78816168339415
2026-04-15,265.95538330078125,257.7001261657452
2026-04-16,262.9307556152344,266.3246925362851
2026-04-17,269.7486267089844,266.4844323486072
2026-04-20,272.5635681152344,269.84841238867654
2026-04-21,265.69586181640625,271.0163536236942
2026-04-22,272.68341064453125,267.3429346055621
2026-04-23,272.9429016113281,274.56001085217736
2026-04-24,270.5771179199219,272.2741016414235
2026-04-27,267.1332702636719,265.6159889280984
2026-04-28,270.2277526855469,271.8548539018017
2026-04-29,269.688720703125,267.07336249706583
2026-04-30,270.86663818359375,270.018146234023
2026-05-01,279.6409606933594,278.36321169794013
2026-05-04,276.33685302734375,279.16182884121525
2026-05-05,283.67376708984375,276.43668191704
2026-05-06,286.9978332519531,281.4177950537395
2026-05-07,286.9279479980469,288.75467457606095
2026-05-08,292.7974853515625,289.49338424193445
2026-05-11,292.42779541015625,291.72841688276577
2026-05-12,294.54595947265625,292.3078994315659
2026-05-13,298.6124572753906,293.24708951115105
2026-05-14,297.9530334472656,299.5616620172475
2026-05-15,299.9713134765625,297.643304079477
2026-05-18,297.5833435058594,299.98126929450746
2026-05-19,298.7123718261719,296.7140952726279
2026-05-20,301.98956298828125,297.9230626302997
2026-05-21,304.7271728515625,300.80056674721834
2026-05-22,308.55389404296875,305.85620846339293
2026-05-26,308.0643005371094,309.29325163060713
2026-05-27,310.5821533203125,308.0643052358437
2026-05-28,312.24072265625,310.412282475935
2026-05-29,311.7911071777344,311.5113496628706
2026-06-01,306.0460510253906,309.363197507879
2026-06-02,314.92840576171875,307.1950545511415
2026-06-03,309.9926452636719,313.9092501546009
2026-06-04,310.9618225097656,312.96009909963743
2026-06-05,307.0751647949219,312.5903972939029
2026-06-08,301.2801818847656,308.4739595974908
2026-06-09,290.29962158203125,300.0212482417878
2026-06-10,291.3287353515625,290.4894628291428
2026-06-11,295.375244140625,293.4668864344149
2026-06-12,290.879150390625,295.7749221682621
2026-06-15,296.1645812988281,293.8665449684006
2026-06-16,298.9821472167969,294.99559499590845
2026-06-17,295.6949768066406,300.59074812548096
2026-06-18,297.7532043457031,297.8530937792582
2026-06-22,296.75408935546875,297.05381866220307
2026-06-23,294.04638671875,297.2836155142734
2026-06-24,292.8274230957031,295.1054570720635
2026-06-25,274.91290283203125,287.1523472601469
2026-06-26,283.53546142578125,274.7630284991681
2026-06-29,281.4972229003906,286.4829438934296
2026-06-30,289.11065673828125,280.9277417485351
2026-07-01,294.1263427734375,293.1871503157195
2026-07-02,308.3640441894531,293.866538367699
2026-07-06,312.3905944824219,307.0951430290638
2026-07-07,310.3923034667969,315.0183186077797
2026-07-08,313.1199645996094,311.6412289475945
2026-07-09,315.947509765625,310.24243869469103
2026-07-10,315.0483093261719,314.4488202226986
2026-07-13,317.03656005859375,316.7468014245228
2026-07-14,314.58868408203125,313.48965629761443
2026-07-15,327.2178039550781,317.34631234952286
2026-07-16,332.97283935546875,327.72736328456057
2026-07-17,333.452392578125,331.693929977533
2026-07-20,326.3085632324219,333.2226134619852
2026-07-21,327.45758056640625,322.85156758462244
2026-07-22,325.60919189453125,327.58746619388995
2026-07-23,321.3828430175781,321.4527900194849
2026-07-24,332.7330322265625,321.5127284115298
2026-07-27,336.61968994140625,334.2517370375488
2026-07-28,339.78692626953125,339.73698155301014
2026-07-29,337.8985900878906,339.43727163464206
2026-07-30,333.1426696777344,332.8129674612056
2026-07-31,308.6438293457031,304.54735603914753
